[{"date": "Jan 15, 00:00", "day": "Jan 15", "time": "00:00", "time_left": "6h 35min", "flag": "", "pair": "USD", "name": "Martin Luther King, Jr. Day", "impact": "None", "previous": "", "consensus": "", "actual": ""}, {"date": "Jan 15, 00:00", "day": "Jan 15", "time": "00:00", "time_left": "6h 35min", "flag": "", "pair": "EUR", "name": "Eurogroup Meeting", "impact": "Low", "previous": "", "consensus": "", "actual": ""}, {"date": "Jan 15, 00:30", "day": "Jan 15", "time": "00:30", "time_left": "7h 5min", "flag": "", "pair": "AUD", "name": "ANZ-Indeed Job Ads MoM\n(Dec)", "impact": "Low", "previous": "-4.6%", "consensus": "1.5%", "actual": ""}, {"date": "Jan 15, 01:01", "day": "Jan 15", "time": "01:01", "time_left": "7h 36min", "flag": "", "pair": "EUR", "name": "Construction PMI\n(Dec)", "impact": "Low", "previous": "44.5", "consensus": "46", "actual": ""}, {"date": "Jan 15, 01:30", "day": "Jan 15", "time": "01:30", "time_left": "8h 5min", "flag": "", "pair": "CNY", "name": "PBoC 1-Year MLF Announcement", "impact": "Low", "previous": "2.5%", "consensus": "2.5%", "actual": ""}, {"date": "Jan 15, 06:00", "day": "Jan 15", "time": "06:00", "time_left": "12h 35min", "flag": "", "pair": "EUR", "name": "Inflation Rate YoY\n(Dec)", "impact": "Low", "previous": "3.3%", "consensus": "3.4%", "actual": ""}, {"date": "Jan 15, 06:00", "day": "Jan 15", "time": "06:00", "time_left": "12h 35min", "flag": "", "pair": "EUR", "name": "Inflation Rate MoM\n(Dec)", "impact": "Low", "previous": "-0.3%", "consensus": "0.1%", "actual": ""}, {"date": "Jan 15, 06:00", "day": "Jan 15", "time": "06:00", "time_left": "12h 35min", "flag": "", "pair": "EUR", "name": "CPI\n(Dec)", "impact": "Low", "previous": "121.2", "consensus": "121.3", "actual": ""}, {"date": "Jan 15, 06:00", "day": "Jan 15", "time": "06:00", "time_left": "12h 35min", "flag": "", "pair": "JPY", "name": "Machine Tool Orders YoY\n(Dec)", "impact": "Low", "previous": "-13.6%", "consensus": "-9%", "actual": ""}, {"date": "Jan 15, 07:00", "day": "Jan 15", "time": "07:00", "time_left": "13h 35min", "flag": "", "pair": "EUR", "name": "Wholesale Prices MoM\n(Dec)", "impact": "Medium", "previous": "-0.2%", "consensus": "-0.3%", "actual": ""}, {"date": "Jan 15, 07:00", "day": "Jan 15", "time": "07:00", "time_left": "13h 35min", "flag": "", "pair": "EUR", "name": "Wholesale Prices YoY\n(Dec)", "impact": "Medium", "previous": "-3.6%", "consensus": "-2.3%", "actual": ""}, {"date": "Jan 15, 08:00", "day": "Jan 15", "time": "08:00", "time_left": "14h 35min", "flag": "", "pair": "EUR", "name": "Inflation Rate MoM\n(Dec)", "impact": "Low", "previous": "0.2%", "consensus": "-0.1%", "actual": ""}, {"date": "Jan 15, 08:00", "day": "Jan 15", "time": "08:00", "time_left": "14h 35min", "flag": "", "pair": "EUR", "name": "Core Inflation Rate YoY\n(Dec)", "impact": "Low", "previous": "6.6%", "consensus": "6.3%", "actual": ""}, {"date": "Jan 15, 08:00", "day": "Jan 15", "time": "08:00", "time_left": "14h 35min", "flag": "", "pair": "EUR", "name": "Inflation Rate YoY\n(Dec)", "impact": "Low", "previous": "6.2%", "consensus": "5.9%", "actual": ""}, {"date": "Jan 15, 08:00", "day": "Jan 15", "time": "08:00", "time_left": "14h 35min", "flag": "", "pair": "EUR", "name": "Core Inflation Rate MoM\n(Dec)", "impact": "Low", "previous": "0.2%", "consensus": "-0.1%", "actual": ""}, {"date": "Jan 15, 08:00", "day": "Jan 15", "time": "08:00", "time_left": "14h 35min", "flag": "", "pair": "EUR", "name": "CPI\n(Dec)", "impact": "Low", "previous": "229.2", "consensus": "229", "actual": ""}, {"date": "Jan 15, 08:00", "day": "Jan 15", "time": "08:00", "time_left": "14h 35min", "flag": "", "pair": "AUD", "name": "Myfxbook AUDUSD Sentiment", "impact": "Medium", "previous": "53%", "consensus": "", "actual": ""}, {"date": "Jan 15, 08:00", "day": "Jan 15", "time": "08:00", "time_left": "14h 35min", "flag": "", "pair": "CHF", "name": "Myfxbook USDCHF Sentiment", "impact": "Medium", "previous": "90%", "consensus": "", "actual": ""}, {"date": "Jan 15, 08:00", "day": "Jan 15", "time": "08:00", "time_left": "14h 35min", "flag": "", "pair": "JPY", "name": "Myfxbook USDJPY Sentiment", "impact": "Medium", "previous": "39%", "consensus": "", "actual": ""}, {"date": "Jan 15, 08:00", "day": "Jan 15", "time": "08:00", "time_left": "14h 35min", "flag": "", "pair": "EUR", "name": "Myfxbook EURUSD Sentiment", "impact": "Medium", "previous": "45%", "consensus": "", "actual": ""}, {"date": "Jan 15, 08:00", "day": "Jan 15", "time": "08:00", "time_left": "14h 35min", "flag": "", "pair": "GBP", "name": "Myfxbook GBPUSD Sentiment", "impact": "Medium", "previous": "39%", "consensus": "", "actual": ""}, {"date": "Jan 15, 08:00", "day": "Jan 15", "time": "08:00", "time_left": "14h 35min", "flag": "", "pair": "CAD", "name": "Myfxbook USDCAD Sentiment", "impact": "Medium", "previous": "56%", "consensus": "", "actual": ""}, {"date": "Jan 15, 08:00", "day": "Jan 15", "time": "08:00", "time_left": "14h 35min", "flag": "", "pair": "NZD", "name": "Myfxbook NZDUSD Sentiment", "impact": "Medium", "previous": "48%", "consensus": "", "actual": ""}, {"date": "Jan 15, 09:00", "day": "Jan 15", "time": "09:00", "time_left": "15h 35min", "flag": "", "pair": "EUR", "name": "Full Year GDP Growth\n(2023)", "impact": "High", "previous": "1.9%", "consensus": "-0.3%", "actual": ""}, {"date": "Jan 15, 09:00", "day": "Jan 15", "time": "09:00", "time_left": "15h 35min", "flag": "", "pair": "EUR", "name": "Balance of Trade\n(Nov)", "impact": "Medium", "previous": "\u20ac4.699B", "consensus": "\u20ac4.1B", "actual": ""}, {"date": "Jan 15, 10:00", "day": "Jan 15", "time": "10:00", "time_left": "16h 35min", "flag": "", "pair": "EUR", "name": "Industrial Production MoM\n(Nov)", "impact": "Medium", "previous": "-0.7%", "consensus": "-0.3%", "actual": ""}, {"date": "Jan 15, 10:00", "day": "Jan 15", "time": "10:00", "time_left": "16h 35min", "flag": "", "pair": "EUR", "name": "Industrial Production YoY\n(Nov)", "impact": "Low", "previous": "-6.6%", "consensus": "-5.9%", "actual": ""}, {"date": "Jan 15, 10:00", "day": "Jan 15", "time": "10:00", "time_left": "16h 35min", "flag": "", "pair": "EUR", "name": "Balance of Trade\n(Nov)", "impact": "Medium", "previous": "\u20ac11.1B", "consensus": "\u20ac12.5B", "actual": ""}, {"date": "Jan 15, 10:30", "day": "Jan 15", "time": "10:30", "time_left": "17h 5min", "flag": "", "pair": "EUR", "name": "Construction Output YoY\n(Nov)", "impact": "Low", "previous": "-3.4%", "consensus": "1.5%", "actual": ""}, {"date": "Jan 15, 10:30", "day": "Jan 15", "time": "10:30", "time_left": "17h 5min", "flag": "", "pair": "EUR", "name": "12-Month Bubill Auction", "impact": "Low", "previous": "3.565%", "consensus": "", "actual": ""}, {"date": "Jan 15, 11:00", "day": "Jan 15", "time": "11:00", "time_left": "17h 35min", "flag": "", "pair": "EUR", "name": "Balance of Trade\n(Nov)", "impact": "Low", "previous": "\u20ac6.8B", "consensus": "\u20ac6.1B", "actual": ""}, {"date": "Jan 15, 13:30", "day": "Jan 15", "time": "13:30", "time_left": "20h 5min", "flag": "", "pair": "CAD", "name": "Manufacturing Sales MoM\n(Nov)", "impact": "Low", "previous": "-2.8%", "consensus": "1%", "actual": ""}, {"date": "Jan 15, 13:30", "day": "Jan 15", "time": "13:30", "time_left": "20h 5min", "flag": "", "pair": "CAD", "name": "New Motor Vehicle Sales\n(Nov)", "impact": "Low", "previous": "151.14K", "consensus": "154K", "actual": ""}, {"date": "Jan 15, 13:30", "day": "Jan 15", "time": "13:30", "time_left": "20h 5min", "flag": "", "pair": "CAD", "name": "Wholesale Sales MoM\n(Nov)", "impact": "Low", "previous": "-0.5%", "consensus": "0.8%", "actual": ""}, {"date": "Jan 15, 14:00", "day": "Jan 15", "time": "14:00", "time_left": "20h 35min", "flag": "", "pair": "EUR", "name": "3-Month BTF Auction", "impact": "Low", "previous": "3.844%", "consensus": "", "actual": ""}, {"date": "Jan 15, 14:00", "day": "Jan 15", "time": "14:00", "time_left": "20h 35min", "flag": "", "pair": "EUR", "name": "12-Month BTF Auction", "impact": "Low", "previous": "3.341%", "consensus": "", "actual": ""}, {"date": "Jan 15, 14:00", "day": "Jan 15", "time": "14:00", "time_left": "20h 35min", "flag": "", "pair": "EUR", "name": "6-Month BTF Auction", "impact": "Low", "previous": "3.766%", "consensus": "", "actual": ""}, {"date": "Jan 15, 14:00", "day": "Jan 15", "time": "14:00", "time_left": "20h 35min", "flag": "", "pair": "EUR", "name": "Balance of Trade\n(Nov)", "impact": "Low", "previous": "\u20ac2049.1M", "consensus": "\u20ac3100M", "actual": ""}, {"date": "Jan 15, 15:30", "day": "Jan 15", "time": "15:30", "time_left": "22h 5min", "flag": "", "pair": "CAD", "name": "BoC Business Outlook Survey", "impact": "Medium", "previous": "", "consensus": "", "actual": ""}, {"date": "Jan 15, 21:00", "day": "Jan 15", "time": "21:00", "time_left": "1 day", "flag": "", "pair": "NZD", "name": "NZIER Capacity Utilization\n(Q4)", "impact": "Low", "previous": "87.3%", "consensus": "87.5%", "actual": ""}, {"date": "Jan 15, 21:00", "day": "Jan 15", "time": "21:00", "time_left": "1 day", "flag": "", "pair": "NZD", "name": "NZIER Business Confidence\n(Q4)", "impact": "Low", "previous": "-52%", "consensus": "-40%", "actual": ""}, {"date": "Jan 15, 23:30", "day": "Jan 15", "time": "23:30", "time_left": "1 day", "flag": "", "pair": "AUD", "name": "Westpac Consumer Confidence Change\n(Jan)", "impact": "High", "previous": "2.7%", "consensus": "0.5%", "actual": ""}, {"date": "Jan 15, 23:30", "day": "Jan 15", "time": "23:30", "time_left": "1 day", "flag": "", "pair": "AUD", "name": "Westpac Consumer Confidence Index\n(Jan)", "impact": "High", "previous": "82.1", "consensus": "82.5", "actual": ""}, {"date": "Jan 15, 23:50", "day": "Jan 15", "time": "23:50", "time_left": "1 day", "flag": "", "pair": "JPY", "name": "PPI MoM\n(Dec)", "impact": "Low", "previous": "0.2%", "consensus": "0%", "actual": ""}, {"date": "Jan 15, 23:50", "day": "Jan 15", "time": "23:50", "time_left": "1 day", "flag": "", "pair": "JPY", "name": "PPI YoY\n(Dec)", "impact": "Low", "previous": "0.3%", "consensus": "-0.3%", "actual": ""}, {"date": "Jan 16, 00:00", "day": "Jan 16", "time": "00:00", "time_left": "1 day", "flag": "", "pair": "AUD", "name": "TD-MI Inflation Gauge MoM\n(Dec)", "impact": "Low", "previous": "0.3%", "consensus": "0.2%", "actual": ""}, {"date": "Jan 16, 00:00", "day": "Jan 16", "time": "00:00", "time_left": "1 day", "flag": "", "pair": "USD", "name": "National Day of Life, Peace and Justice", "impact": "None", "previous": "", "consensus": "", "actual": ""}, {"date": "Jan 16, 00:30", "day": "Jan 16", "time": "00:30", "time_left": "1 day", "flag": "", "pair": "AUD", "name": "Building Permits YoY\n(Nov)", "impact": "Low", "previous": "-5.5%", "consensus": "-4.6%", "actual": ""}, {"date": "Jan 16, 00:30", "day": "Jan 16", "time": "00:30", "time_left": "1 day", "flag": "", "pair": "AUD", "name": "Building Permits MoM\n(Nov)", "impact": "Medium", "previous": "7.2%", "consensus": "1.6%", "actual": ""}, {"date": "Jan 16, 00:30", "day": "Jan 16", "time": "00:30", "time_left": "1 day", "flag": "", "pair": "AUD", "name": "Private House Approvals MoM\n(Nov)", "impact": "Low", "previous": "2.9%", "consensus": "-1.7%", "actual": ""}, {"date": "Jan 16, 03:35", "day": "Jan 16", "time": "03:35", "time_left": "1 day", "flag": "", "pair": "JPY", "name": "5-Year JGB Auction", "impact": "Low", "previous": "0.325%", "consensus": "", "actual": ""}, {"date": "Jan 16, 06:00", "day": "Jan 16", "time": "06:00", "time_left": "1 day", "flag": "", "pair": "EUR", "name": "GDP YoY\n(Nov)", "impact": "Low", "previous": "-0.8%", "consensus": "-0.4%", "actual": ""}, {"date": "Jan 16, 07:00", "day": "Jan 16", "time": "07:00", "time_left": "1 day", "flag": "", "pair": "EUR", "name": "Inflation Rate MoM\n(Dec)", "impact": "Medium", "previous": "-0.4%", "consensus": "0.1%", "actual": ""}, {"date": "Jan 16, 07:00", "day": "Jan 16", "time": "07:00", "time_left": "1 day", "flag": "", "pair": "EUR", "name": "Harmonised Inflation Rate YoY\n(Dec)", "impact": "Low", "previous": "2.3%", "consensus": "3.8%", "actual": ""}, {"date": "Jan 16, 07:00", "day": "Jan 16", "time": "07:00", "time_left": "1 day", "flag": "", "pair": "EUR", "name": "Harmonised Inflation Rate MoM\n(Dec)", "impact": "Low", "previous": "-0.7%", "consensus": "0.2%", "actual": ""}, {"date": "Jan 16, 07:00", "day": "Jan 16", "time": "07:00", "time_left": "1 day", "flag": "", "pair": "EUR", "name": "Inflation Rate YoY\n(Dec)", "impact": "Medium", "previous": "3.2%", "consensus": "3.7%", "actual": ""}, {"date": "Jan 16, 07:00", "day": "Jan 16", "time": "07:00", "time_left": "1 day", "flag": "", "pair": "EUR", "name": "CPI\n(Dec)", "impact": "High", "previous": "117.3", "consensus": "117.4", "actual": ""}, {"date": "Jan 16, 07:00", "day": "Jan 16", "time": "07:00", "time_left": "1 day", "flag": "", "pair": "GBP", "name": "HMRC Payrolls Change\n(Dec)", "impact": "Low", "previous": "-12K", "consensus": "30K", "actual": ""}, {"date": "Jan 16, 07:00", "day": "Jan 16", "time": "07:00", "time_left": "1 day", "flag": "", "pair": "GBP", "name": "Employment Change\n(Oct)", "impact": "High", "previous": "50K", "consensus": "80K", "actual": ""}, {"date": "Jan 16, 07:00", "day": "Jan 16", "time": "07:00", "time_left": "1 day", "flag": "", "pair": "GBP", "name": "Average Earnings excl. Bonus (3Mo/Yr)\n(Nov)", "impact": "Low", "previous": "7.3%", "consensus": "6.6%", "actual": ""}, {"date": "Jan 16, 07:00", "day": "Jan 16", "time": "07:00", "time_left": "1 day", "flag": "", "pair": "GBP", "name": "Average Earnings incl. Bonus (3Mo/Yr)\n(Nov)", "impact": "Medium", "previous": "7.2%", "consensus": "6.8%", "actual": ""}, {"date": "Jan 16, 07:00", "day": "Jan 16", "time": "07:00", "time_left": "1 day", "flag": "", "pair": "GBP", "name": "Claimant Count Change\n(Dec)", "impact": "High", "previous": "16K", "consensus": "3K", "actual": ""}, {"date": "Jan 16, 07:00", "day": "Jan 16", "time": "07:00", "time_left": "1 day", "flag": "", "pair": "GBP", "name": "Unemployment Rate\n(Nov)", "impact": "High", "previous": "4.2%", "consensus": "4.3%", "actual": ""}, {"date": "Jan 16, 09:00", "day": "Jan 16", "time": "09:00", "time_left": "1 day", "flag": "", "pair": "EUR", "name": "CPI\n(Dec)", "impact": "High", "previous": "119.5", "consensus": "119.7", "actual": ""}, {"date": "Jan 16, 09:00", "day": "Jan 16", "time": "09:00", "time_left": "1 day", "flag": "", "pair": "EUR", "name": "Harmonised Inflation Rate MoM\n(Dec)", "impact": "Low", "previous": "-0.6%", "consensus": "0.2%", "actual": ""}, {"date": "Jan 16, 09:00", "day": "Jan 16", "time": "09:00", "time_left": "1 day", "flag": "", "pair": "EUR", "name": "Harmonised Inflation Rate YoY\n(Dec)", "impact": "Low", "previous": "0.6%", "consensus": "0.5%", "actual": ""}, {"date": "Jan 16, 09:00", "day": "Jan 16", "time": "09:00", "time_left": "1 day", "flag": "", "pair": "EUR", "name": "Inflation Rate YoY\n(Dec)", "impact": "Medium", "previous": "0.7%", "consensus": "0.6%", "actual": ""}, {"date": "Jan 16, 09:00", "day": "Jan 16", "time": "09:00", "time_left": "1 day", "flag": "", "pair": "EUR", "name": "Inflation Rate MoM\n(Dec)", "impact": "Low", "previous": "-0.5%", "consensus": "0.2%", "actual": ""}, {"date": "Jan 16, 09:00", "day": "Jan 16", "time": "09:00", "time_left": "1 day", "flag": "", "pair": "EUR", "name": "Consumer Inflation Expectations\n(Nov)", "impact": "Low", "previous": "4%", "consensus": "3.6%", "actual": ""}, {"date": "Jan 16, 09:40", "day": "Jan 16", "time": "09:40", "time_left": "1 day", "flag": "", "pair": "EUR", "name": "3-Month Letras Auction", "impact": "Low", "previous": "3.58%", "consensus": "", "actual": ""}, {"date": "Jan 16, 09:40", "day": "Jan 16", "time": "09:40", "time_left": "1 day", "flag": "", "pair": "EUR", "name": "9-Month Letras Auction", "impact": "Low", "previous": "3.485%", "consensus": "", "actual": ""}, {"date": "Jan 16, 10:00", "day": "Jan 16", "time": "10:00", "time_left": "1 day", "flag": "", "pair": "EUR", "name": "ZEW Economic Sentiment Index\n(Jan)", "impact": "Medium", "previous": "23", "consensus": "25", "actual": ""}, {"date": "Jan 16, 10:00", "day": "Jan 16", "time": "10:00", "time_left": "1 day", "flag": "", "pair": "EUR", "name": "ZEW Economic Sentiment Index\n(Jan)", "impact": "High", "previous": "12.8", "consensus": "12.7", "actual": ""}, {"date": "Jan 16, 10:00", "day": "Jan 16", "time": "10:00", "time_left": "1 day", "flag": "", "pair": "EUR", "name": "ZEW Current Conditions\n(Jan)", "impact": "Low", "previous": "-77.1", "consensus": "-77", "actual": ""}, {"date": "Jan 16, 10:00", "day": "Jan 16", "time": "10:00", "time_left": "1 day", "flag": "", "pair": "EUR", "name": "Inflation Rate YoY\n(Dec)", "impact": "Low", "previous": "4.8%", "consensus": "4.5%", "actual": ""}, {"date": "Jan 16, 10:00", "day": "Jan 16", "time": "10:00", "time_left": "1 day", "flag": "", "pair": "EUR", "name": "Harmonised Inflation Rate YoY\n(Dec)", "impact": "Low", "previous": "5.5%", "consensus": "5.3%", "actual": ""}, {"date": "Jan 16, 10:00", "day": "Jan 16", "time": "10:00", "time_left": "1 day", "flag": "", "pair": "EUR", "name": "Inflation Rate MoM\n(Dec)", "impact": "Low", "previous": "-0.3%", "consensus": "-0.4%", "actual": ""}, {"date": "Jan 16, 10:00", "day": "Jan 16", "time": "10:00", "time_left": "1 day", "flag": "", "pair": "GBP", "name": "10-Year Index-Linked Treasury Gilt Auction", "impact": "Low", "previous": "0.724%", "consensus": "", "actual": ""}, {"date": "Jan 16, 10:30", "day": "Jan 16", "time": "10:30", "time_left": "1 day", "flag": "", "pair": "EUR", "name": "5-Year Bobl Auction", "impact": "Low", "previous": "2.56%", "consensus": "", "actual": ""}, {"date": "Jan 16, 11:00", "day": "Jan 16", "time": "11:00", "time_left": "1 day", "flag": "", "pair": "EUR", "name": "Harmonised Inflation Rate MoM\n(Dec)", "impact": "Low", "previous": "-0.9%", "consensus": "0.4%", "actual": ""}, {"date": "Jan 16, 11:00", "day": "Jan 16", "time": "11:00", "time_left": "1 day", "flag": "", "pair": "EUR", "name": "Harmonised Inflation Rate YoY\n(Dec)", "impact": "Low", "previous": "2.5%", "consensus": "3.2%", "actual": ""}, {"date": "Jan 16, 11:00", "day": "Jan 16", "time": "11:00", "time_left": "1 day", "flag": "", "pair": "EUR", "name": "Inflation Rate MoM\n(Dec)", "impact": "Low", "previous": "-0.8%", "consensus": "0%", "actual": ""}, {"date": "Jan 16, 11:00", "day": "Jan 16", "time": "11:00", "time_left": "1 day", "flag": "", "pair": "EUR", "name": "Inflation Rate YoY\n(Dec)", "impact": "Low", "previous": "3.9%", "consensus": "4.3%", "actual": ""}, {"date": "Jan 16, 11:00", "day": "Jan 16", "time": "11:00", "time_left": "1 day", "flag": "", "pair": "EUR", "name": "CPI\n(Dec)", "impact": "Low", "previous": "120.5", "consensus": "120", "actual": ""}, {"date": "Jan 16, 13:15", "day": "Jan 16", "time": "13:15", "time_left": "1 day", "flag": "", "pair": "CAD", "name": "Housing Starts\n(Dec)", "impact": "Medium", "previous": "212.6K", "consensus": "243K", "actual": ""}, {"date": "Jan 16, 13:30", "day": "Jan 16", "time": "13:30", "time_left": "1 day", "flag": "", "pair": "CAD", "name": "Inflation Rate YoY\n(Dec)", "impact": "High", "previous": "3.1%", "consensus": "3.3%", "actual": ""}, {"date": "Jan 16, 13:30", "day": "Jan 16", "time": "13:30", "time_left": "1 day", "flag": "", "pair": "CAD", "name": "Inflation Rate MoM\n(Dec)", "impact": "Medium", "previous": "0.1%", "consensus": "-0.3%", "actual": ""}, {"date": "Jan 16, 13:30", "day": "Jan 16", "time": "13:30", "time_left": "1 day", "flag": "", "pair": "CAD", "name": "CPI Trimmed-Mean YoY\n(Dec)", "impact": "High", "previous": "3.5%", "consensus": "3.5%", "actual": ""}, {"date": "Jan 16, 13:30", "day": "Jan 16", "time": "13:30", "time_left": "1 day", "flag": "", "pair": "CAD", "name": "CPI Median YoY\n(Dec)", "impact": "High", "previous": "3.4%", "consensus": "3.4%", "actual": ""}, {"date": "Jan 16, 13:30", "day": "Jan 16", "time": "13:30", "time_left": "1 day", "flag": "", "pair": "CAD", "name": "Core Inflation Rate YoY\n(Dec)", "impact": "Medium", "previous": "2.8%", "consensus": "2.8%", "actual": ""}, {"date": "Jan 16, 13:30", "day": "Jan 16", "time": "13:30", "time_left": "1 day", "flag": "", "pair": "CAD", "name": "Core Inflation Rate MoM\n(Dec)", "impact": "Low", "previous": "0.1%", "consensus": "-0.3%", "actual": ""}, {"date": "Jan 16, 13:30", "day": "Jan 16", "time": "13:30", "time_left": "1 day", "flag": "", "pair": "USD", "name": "NY Empire State Manufacturing Index\n(Jan)", "impact": "High", "previous": "-14.5", "consensus": "-5", "actual": ""}, {"date": "Jan 16, 15:00", "day": "Jan 16", "time": "15:00", "time_left": "1 day", "flag": "", "pair": "NZD", "name": "Global Dairy Trade Price Index\n(Jan/16)", "impact": "Low", "previous": "1.2%", "consensus": "", "actual": ""}, {"date": "Jan 16, 16:00", "day": "Jan 16", "time": "16:00", "time_left": "1 day", "flag": "", "pair": "USD", "name": "Fed Waller Speech", "impact": "Medium", "previous": "", "consensus": "", "actual": ""}, {"date": "Jan 16, 16:30", "day": "Jan 16", "time": "16:30", "time_left": "1 day", "flag": "", "pair": "USD", "name": "3-Month Bill Auction", "impact": "Low", "previous": "5.235%", "consensus": "", "actual": ""}, {"date": "Jan 16, 16:30", "day": "Jan 16", "time": "16:30", "time_left": "1 day", "flag": "", "pair": "USD", "name": "6-Month Bill Auction", "impact": "Low", "previous": "5.03%", "consensus": "", "actual": ""}, {"date": "Jan 16, 17:00", "day": "Jan 16", "time": "17:00", "time_left": "1 day", "flag": "", "pair": "USD", "name": "NOPA Crush Report", "impact": "Low", "previous": "", "consensus": "", "actual": ""}, {"date": "Jan 16, 21:45", "day": "Jan 16", "time": "21:45", "time_left": "2 days", "flag": "", "pair": "NZD", "name": "Electronic Retail Card Spending YoY\n(Dec)", "impact": "Low", "previous": "2.1%", "consensus": "2.5%", "actual": ""}, {"date": "Jan 16, 21:45", "day": "Jan 16", "time": "21:45", "time_left": "2 days", "flag": "", "pair": "NZD", "name": "Electronic Retail Card Spending MoM\n(Dec)", "impact": "Low", "previous": "1.6%", "consensus": "0.3%", "actual": ""}, {"date": "Jan 16, 23:00", "day": "Jan 16", "time": "23:00", "time_left": "2 days", "flag": "", "pair": "JPY", "name": "Reuters Tankan Index\n(Jan)", "impact": "Medium", "previous": "12", "consensus": "11", "actual": ""}, {"date": "Jan 17, 01:30", "day": "Jan 17", "time": "01:30", "time_left": "2 days", "flag": "", "pair": "CNY", "name": "House Price Index YoY\n(Dec)", "impact": "Medium", "previous": "-0.2%", "consensus": "-0.4%", "actual": ""}, {"date": "Jan 17, 02:00", "day": "Jan 17", "time": "02:00", "time_left": "2 days", "flag": "", "pair": "CNY", "name": "Industrial Production YoY\n(Dec)", "impact": "High", "previous": "6.6%", "consensus": "6.3%", "actual": ""}, {"date": "Jan 17, 02:00", "day": "Jan 17", "time": "02:00", "time_left": "2 days", "flag": "", "pair": "CNY", "name": "Unemployment Rate\n(Dec)", "impact": "High", "previous": "5%", "consensus": "5%", "actual": ""}, {"date": "Jan 17, 02:00", "day": "Jan 17", "time": "02:00", "time_left": "2 days", "flag": "", "pair": "CNY", "name": "Retail Sales YoY\n(Dec)", "impact": "High", "previous": "10.1%", "consensus": "11%", "actual": ""}, {"date": "Jan 17, 02:00", "day": "Jan 17", "time": "02:00", "time_left": "2 days", "flag": "", "pair": "CNY", "name": "GDP Growth Rate YoY\n(Q4)", "impact": "Medium", "previous": "4.9%", "consensus": "5.3%", "actual": ""}, {"date": "Jan 17, 02:00", "day": "Jan 17", "time": "02:00", "time_left": "2 days", "flag": "", "pair": "CNY", "name": "GDP Growth Rate QoQ\n(Q4)", "impact": "Medium", "previous": "1.3%", "consensus": "1.2%", "actual": ""}, {"date": "Jan 17, 02:00", "day": "Jan 17", "time": "02:00", "time_left": "2 days", "flag": "", "pair": "CNY", "name": "Fixed Asset Investment (YTD) YoY\n(Dec)", "impact": "Medium", "previous": "2.9%", "consensus": "3%", "actual": ""}, {"date": "Jan 17, 02:00", "day": "Jan 17", "time": "02:00", "time_left": "2 days", "flag": "", "pair": "CNY", "name": "Industrial Capacity Utilization\n(Q4)", "impact": "Low", "previous": "75.6%", "consensus": "75.7%", "actual": ""}, {"date": "Jan 17, 02:00", "day": "Jan 17", "time": "02:00", "time_left": "2 days", "flag": "", "pair": "CNY", "name": "NBS Press Conference", "impact": "Low", "previous": "", "consensus": "", "actual": ""}, {"date": "Jan 17, 07:00", "day": "Jan 17", "time": "07:00", "time_left": "2 days", "flag": "", "pair": "GBP", "name": "Retail Price Index YoY\n(Dec)", "impact": "Low", "previous": "5.3%", "consensus": "5%", "actual": ""}, {"date": "Jan 17, 07:00", "day": "Jan 17", "time": "07:00", "time_left": "2 days", "flag": "", "pair": "GBP", "name": "Retail Price Index MoM\n(Dec)", "impact": "Low", "previous": "-0.1%", "consensus": "0.4%", "actual": ""}, {"date": "Jan 17, 07:00", "day": "Jan 17", "time": "07:00", "time_left": "2 days", "flag": "", "pair": "GBP", "name": "Inflation Rate MoM\n(Dec)", "impact": "Medium", "previous": "-0.2%", "consensus": "0.2%", "actual": ""}, {"date": "Jan 17, 07:00", "day": "Jan 17", "time": "07:00", "time_left": "2 days", "flag": "", "pair": "GBP", "name": "Core Inflation Rate YoY\n(Dec)", "impact": "Medium", "previous": "5.1%", "consensus": "4.9%", "actual": ""}, {"date": "Jan 17, 07:00", "day": "Jan 17", "time": "07:00", "time_left": "2 days", "flag": "", "pair": "GBP", "name": "Inflation Rate YoY\n(Dec)", "impact": "High", "previous": "3.9%", "consensus": "3.8%", "actual": ""}, {"date": "Jan 17, 07:00", "day": "Jan 17", "time": "07:00", "time_left": "2 days", "flag": "", "pair": "GBP", "name": "Core Inflation Rate MoM\n(Dec)", "impact": "Low", "previous": "-0.3%", "consensus": "0.3%", "actual": ""}, {"date": "Jan 17, 07:00", "day": "Jan 17", "time": "07:00", "time_left": "2 days", "flag": "", "pair": "GBP", "name": "PPI Core Output YoY\n(Dec)", "impact": "Low", "previous": "0.2%", "consensus": "0.1%", "actual": ""}, {"date": "Jan 17, 07:00", "day": "Jan 17", "time": "07:00", "time_left": "2 days", "flag": "", "pair": "GBP", "name": "PPI Core Output MoM\n(Dec)", "impact": "Low", "previous": "0%", "consensus": "-0.1%", "actual": ""}, {"date": "Jan 17, 07:00", "day": "Jan 17", "time": "07:00", "time_left": "2 days", "flag": "", "pair": "GBP", "name": "PPI Input YoY\n(Dec)", "impact": "Low", "previous": "-2.6%", "consensus": "-3%", "actual": ""}, {"date": "Jan 17, 07:00", "day": "Jan 17", "time": "07:00", "time_left": "2 days", "flag": "", "pair": "GBP", "name": "PPI Input MoM\n(Dec)", "impact": "Low", "previous": "-0.3%", "consensus": "-0.1%", "actual": ""}, {"date": "Jan 17, 07:00", "day": "Jan 17", "time": "07:00", "time_left": "2 days", "flag": "", "pair": "GBP", "name": "PPI Output YoY\n(Dec)", "impact": "Low", "previous": "-0.2%", "consensus": "0.4%", "actual": ""}, {"date": "Jan 17, 07:00", "day": "Jan 17", "time": "07:00", "time_left": "2 days", "flag": "", "pair": "GBP", "name": "PPI Output MoM\n(Dec)", "impact": "Low", "previous": "-0.1%", "consensus": "-0.2%", "actual": ""}, {"date": "Jan 17, 07:45", "day": "Jan 17", "time": "07:45", "time_left": "2 days", "flag": "", "pair": "EUR", "name": "Budget Balance\n(Nov)", "impact": "Low", "previous": "-\u20ac177.71B", "consensus": "", "actual": ""}, {"date": "Jan 17, 08:00", "day": "Jan 17", "time": "08:00", "time_left": "2 days", "flag": "", "pair": "EUR", "name": "Inflation Rate YoY\n(Dec)", "impact": "Low", "previous": "5.3%", "consensus": "5.6%", "actual": ""}, {"date": "Jan 17, 08:00", "day": "Jan 17", "time": "08:00", "time_left": "2 days", "flag": "", "pair": "EUR", "name": "Inflation Rate MoM\n(Dec)", "impact": "Low", "previous": "0.2%", "consensus": "0.4%", "actual": ""}, {"date": "Jan 17, 08:00", "day": "Jan 17", "time": "08:00", "time_left": "2 days", "flag": "", "pair": "EUR", "name": "Harmonised Inflation Rate YoY\n(Dec)", "impact": "Low", "previous": "4.9%", "consensus": "5.7%", "actual": ""}, {"date": "Jan 17, 08:00", "day": "Jan 17", "time": "08:00", "time_left": "2 days", "flag": "", "pair": "EUR", "name": "Harmonised Inflation Rate MoM\n(Dec)", "impact": "Low", "previous": "0.2%", "consensus": "0.5%", "actual": ""}, {"date": "Jan 17, 08:00", "day": "Jan 17", "time": "08:00", "time_left": "2 days", "flag": "", "pair": "EUR", "name": "CPI\n(Dec)", "impact": "High", "previous": "122.1", "consensus": "122.4", "actual": ""}, {"date": "Jan 17, 08:00", "day": "Jan 17", "time": "08:00", "time_left": "2 days", "flag": "", "pair": "EUR", "name": "Harmonised Inflation Rate YoY\n(Dec)", "impact": "Low", "previous": "6.9%", "consensus": "6.6%", "actual": ""}, {"date": "Jan 17, 08:00", "day": "Jan 17", "time": "08:00", "time_left": "2 days", "flag": "", "pair": "EUR", "name": "Harmonised Inflation Rate MoM\n(Dec)", "impact": "Low", "previous": "0.2%", "consensus": "-0.1%", "actual": ""}, {"date": "Jan 17, 08:30", "day": "Jan 17", "time": "08:30", "time_left": "2 days", "flag": "", "pair": "EUR", "name": "ECB Cipollone Speech", "impact": "Low", "previous": "", "consensus": "", "actual": ""}, {"date": "Jan 17, 10:00", "day": "Jan 17", "time": "10:00", "time_left": "2 days", "flag": "", "pair": "EUR", "name": "Harmonised Inflation Rate YoY\n(Dec)", "impact": "Low", "previous": "2.4%", "consensus": "2.2%", "actual": ""}, {"date": "Jan 17, 10:00", "day": "Jan 17", "time": "10:00", "time_left": "2 days", "flag": "", "pair": "EUR", "name": "Inflation Rate YoY\n(Dec)", "impact": "Low", "previous": "3.9%", "consensus": "3.6%", "actual": ""}, {"date": "Jan 17, 10:00", "day": "Jan 17", "time": "10:00", "time_left": "2 days", "flag": "", "pair": "EUR", "name": "Inflation Rate YoY\n(Dec)", "impact": "Medium", "previous": "2.4%", "consensus": "2.9%", "actual": ""}, {"date": "Jan 17, 10:00", "day": "Jan 17", "time": "10:00", "time_left": "2 days", "flag": "", "pair": "EUR", "name": "Core Inflation Rate YoY\n(Dec)", "impact": "Low", "previous": "3.6%", "consensus": "3.4%", "actual": ""}, {"date": "Jan 17, 10:00", "day": "Jan 17", "time": "10:00", "time_left": "2 days", "flag": "", "pair": "EUR", "name": "Inflation Rate MoM\n(Dec)", "impact": "Low", "previous": "-0.6%", "consensus": "0.2%", "actual": ""}, {"date": "Jan 17, 10:00", "day": "Jan 17", "time": "10:00", "time_left": "2 days", "flag": "", "pair": "EUR", "name": "CPI\n(Dec)", "impact": "High", "previous": "123.85", "consensus": "124.04", "actual": ""}, {"date": "Jan 17, 10:00", "day": "Jan 17", "time": "10:00", "time_left": "2 days", "flag": "", "pair": "GBP", "name": "10-Year Treasury Gilt Auction", "impact": "Low", "previous": "3.739%", "consensus": "", "actual": ""}, {"date": "Jan 17, 10:30", "day": "Jan 17", "time": "10:30", "time_left": "2 days", "flag": "", "pair": "EUR", "name": "30-Year Bund Auction", "impact": "Low", "previous": "2.76%", "consensus": "", "actual": ""}, {"date": "Jan 17, 11:10", "day": "Jan 17", "time": "11:10", "time_left": "2 days", "flag": "", "pair": "EUR", "name": "3-Month Bill Auction", "impact": "Low", "previous": "3.722%", "consensus": "", "actual": ""}, {"date": "Jan 17, 11:10", "day": "Jan 17", "time": "11:10", "time_left": "2 days", "flag": "", "pair": "EUR", "name": "6-Month Bill Auction", "impact": "Low", "previous": "3.66%", "consensus": "", "actual": ""}, {"date": "Jan 17, 12:00", "day": "Jan 17", "time": "12:00", "time_left": "2 days", "flag": "", "pair": "USD", "name": "MBA 30-Year Mortgage Rate\n(Jan/12)", "impact": "Low", "previous": "6.81%", "consensus": "", "actual": ""}, {"date": "Jan 17, 12:00", "day": "Jan 17", "time": "12:00", "time_left": "2 days", "flag": "", "pair": "USD", "name": "MBA Purchase Index\n(Jan/12)", "impact": "Low", "previous": "148.6", "consensus": "", "actual": ""}, {"date": "Jan 17, 12:00", "day": "Jan 17", "time": "12:00", "time_left": "2 days", "flag": "", "pair": "USD", "name": "MBA Mortgage Applications\n(Jan/12)", "impact": "Low", "previous": "9.9%", "consensus": "", "actual": ""}, {"date": "Jan 17, 12:00", "day": "Jan 17", "time": "12:00", "time_left": "2 days", "flag": "", "pair": "USD", "name": "MBA Mortgage Market Index\n(Jan/12)", "impact": "Low", "previous": "190.6", "consensus": "", "actual": ""}, {"date": "Jan 17, 12:00", "day": "Jan 17", "time": "12:00", "time_left": "2 days", "flag": "", "pair": "USD", "name": "MBA Mortgage Refinance Index\n(Jan/12)", "impact": "Low", "previous": "425.4", "consensus": "", "actual": ""}, {"date": "Jan 17, 13:30", "day": "Jan 17", "time": "13:30", "time_left": "2 days", "flag": "", "pair": "CAD", "name": "Foreign Securities Purchases\n(Nov)", "impact": "Low", "previous": "-C$15.75B", "consensus": "C$9B", "actual": ""}, {"date": "Jan 17, 13:30", "day": "Jan 17", "time": "13:30", "time_left": "2 days", "flag": "", "pair": "CAD", "name": "Foreign Securities Purchases by Canadians\n(Nov)", "impact": "Low", "previous": "-C$8.2B", "consensus": "C$12B", "actual": ""}, {"date": "Jan 17, 13:30", "day": "Jan 17", "time": "13:30", "time_left": "2 days", "flag": "", "pair": "USD", "name": "Retail Sales Ex Gas/Autos MoM\n(Dec)", "impact": "High", "previous": "0.6%", "consensus": "0.5%", "actual": ""}, {"date": "Jan 17, 13:30", "day": "Jan 17", "time": "13:30", "time_left": "2 days", "flag": "", "pair": "USD", "name": "Retail Sales YoY\n(Dec)", "impact": "High", "previous": "4.1%", "consensus": "4%", "actual": ""}, {"date": "Jan 17, 13:30", "day": "Jan 17", "time": "13:30", "time_left": "2 days", "flag": "", "pair": "USD", "name": "Retail Sales Ex Autos MoM\n(Dec)", "impact": "High", "previous": "0.2%", "consensus": "0.2%", "actual": ""}, {"date": "Jan 17, 13:30", "day": "Jan 17", "time": "13:30", "time_left": "2 days", "flag": "", "pair": "USD", "name": "Retail Sales MoM\n(Dec)", "impact": "High", "previous": "0.3%", "consensus": "0.4%", "actual": ""}, {"date": "Jan 17, 13:30", "day": "Jan 17", "time": "13:30", "time_left": "2 days", "flag": "", "pair": "USD", "name": "Export Prices YoY\n(Dec)", "impact": "Low", "previous": "-5.2%", "consensus": "-5.8%", "actual": ""}, {"date": "Jan 17, 13:30", "day": "Jan 17", "time": "13:30", "time_left": "2 days", "flag": "", "pair": "USD", "name": "Import Prices YoY\n(Dec)", "impact": "Low", "previous": "-1.8%", "consensus": "-1%", "actual": ""}, {"date": "Jan 17, 13:30", "day": "Jan 17", "time": "13:30", "time_left": "2 days", "flag": "", "pair": "USD", "name": "Import Prices MoM\n(Dec)", "impact": "Medium", "previous": "-0.4%", "consensus": "-0.5%", "actual": ""}, {"date": "Jan 17, 13:30", "day": "Jan 17", "time": "13:30", "time_left": "2 days", "flag": "", "pair": "USD", "name": "Export Prices MoM\n(Dec)", "impact": "Medium", "previous": "-0.9%", "consensus": "-0.6%", "actual": ""}, {"date": "Jan 17, 13:30", "day": "Jan 17", "time": "13:30", "time_left": "2 days", "flag": "", "pair": "CAD", "name": "Raw Materials Prices MoM\n(Dec)", "impact": "Low", "previous": "-4.2%", "consensus": "-1.3%", "actual": ""}, {"date": "Jan 17, 13:30", "day": "Jan 17", "time": "13:30", "time_left": "2 days", "flag": "", "pair": "CAD", "name": "Raw Materials Prices YoY\n(Dec)", "impact": "Low", "previous": "-4.6%", "consensus": "-3%", "actual": ""}, {"date": "Jan 17, 13:30", "day": "Jan 17", "time": "13:30", "time_left": "2 days", "flag": "", "pair": "CAD", "name": "PPI MoM\n(Dec)", "impact": "Low", "previous": "-0.4%", "consensus": "0%", "actual": ""}, {"date": "Jan 17, 13:30", "day": "Jan 17", "time": "13:30", "time_left": "2 days", "flag": "", "pair": "CAD", "name": "PPI YoY\n(Dec)", "impact": "Low", "previous": "-2.3%", "consensus": "1.4%", "actual": ""}, {"date": "Jan 17, 13:55", "day": "Jan 17", "time": "13:55", "time_left": "2 days", "flag": "", "pair": "USD", "name": "Redbook YoY\n(Jan/13)", "impact": "Low", "previous": "5.9%", "consensus": "", "actual": ""}, {"date": "Jan 17, 14:00", "day": "Jan 17", "time": "14:00", "time_left": "2 days", "flag": "", "pair": "USD", "name": "Fed Barr Speech", "impact": "Medium", "previous": "", "consensus": "", "actual": ""}, {"date": "Jan 17, 14:15", "day": "Jan 17", "time": "14:15", "time_left": "2 days", "flag": "", "pair": "USD", "name": "Capacity Utilization\n(Dec)", "impact": "Low", "previous": "78.8%", "consensus": "78.7%", "actual": ""}, {"date": "Jan 17, 14:15", "day": "Jan 17", "time": "14:15", "time_left": "2 days", "flag": "", "pair": "USD", "name": "Manufacturing Production MoM\n(Dec)", "impact": "Low", "previous": "0.3%", "consensus": "0%", "actual": ""}, {"date": "Jan 17, 14:15", "day": "Jan 17", "time": "14:15", "time_left": "2 days", "flag": "", "pair": "USD", "name": "Manufacturing Production YoY\n(Dec)", "impact": "Low", "previous": "-0.8%", "consensus": "-0.1%", "actual": ""}, {"date": "Jan 17, 14:15", "day": "Jan 17", "time": "14:15", "time_left": "2 days", "flag": "", "pair": "USD", "name": "Industrial Production YoY\n(Dec)", "impact": "Low", "previous": "-0.4%", "consensus": "-0.1%", "actual": ""}, {"date": "Jan 17, 14:15", "day": "Jan 17", "time": "14:15", "time_left": "2 days", "flag": "", "pair": "USD", "name": "Industrial Production MoM\n(Dec)", "impact": "Medium", "previous": "0.2%", "consensus": "0%", "actual": ""}, {"date": "Jan 17, 15:00", "day": "Jan 17", "time": "15:00", "time_left": "2 days", "flag": "", "pair": "USD", "name": "Business Inventories MoM\n(Nov)", "impact": "Medium", "previous": "-0.1%", "consensus": "-0.1%", "actual": ""}, {"date": "Jan 17, 15:00", "day": "Jan 17", "time": "15:00", "time_left": "2 days", "flag": "", "pair": "USD", "name": "NAHB Housing Market Index\n(Jan)", "impact": "Medium", "previous": "37", "consensus": "39", "actual": ""}, {"date": "Jan 17, 15:00", "day": "Jan 17", "time": "15:00", "time_left": "2 days", "flag": "", "pair": "USD", "name": "Retail Inventories Ex Autos MoM\n(Nov)", "impact": "Low", "previous": "-1.1%", "consensus": "-0.8%", "actual": ""}, {"date": "Jan 17, 15:15", "day": "Jan 17", "time": "15:15", "time_left": "2 days", "flag": "", "pair": "EUR", "name": "ECB President Lagarde Speech", "impact": "Medium", "previous": "", "consensus": "", "actual": ""}, {"date": "Jan 17, 16:30", "day": "Jan 17", "time": "16:30", "time_left": "2 days", "flag": "", "pair": "USD", "name": "17-Week Bill Auction", "impact": "Low", "previous": "5.18%", "consensus": "", "actual": ""}, {"date": "Jan 17, 18:00", "day": "Jan 17", "time": "18:00", "time_left": "3 days", "flag": "", "pair": "USD", "name": "20-Year Bond Auction", "impact": "Low", "previous": "4.213%", "consensus": "", "actual": ""}, {"date": "Jan 17, 19:00", "day": "Jan 17", "time": "19:00", "time_left": "3 days", "flag": "", "pair": "USD", "name": "Fed Beige Book", "impact": "Medium", "previous": "", "consensus": "", "actual": ""}, {"date": "Jan 17, 20:00", "day": "Jan 17", "time": "20:00", "time_left": "3 days", "flag": "", "pair": "USD", "name": "Fed Williams Speech", "impact": "Medium", "previous": "", "consensus": "", "actual": ""}, {"date": "Jan 17, 21:30", "day": "Jan 17", "time": "21:30", "time_left": "3 days", "flag": "", "pair": "USD", "name": "API Crude Oil Stock Change\n(Jan/12)", "impact": "Medium", "previous": "-5.215M", "consensus": "", "actual": ""}, {"date": "Jan 17, 21:45", "day": "Jan 17", "time": "21:45", "time_left": "3 days", "flag": "", "pair": "NZD", "name": "Food Inflation YoY\n(Dec)", "impact": "Low", "previous": "6%", "consensus": "5.7%", "actual": ""}, {"date": "Jan 17, 23:50", "day": "Jan 17", "time": "23:50", "time_left": "3 days", "flag": "", "pair": "JPY", "name": "Stock Investment by Foreigners\n(Jan/13)", "impact": "Low", "previous": "\u00a5296.2B", "consensus": "", "actual": ""}, {"date": "Jan 17, 23:50", "day": "Jan 17", "time": "23:50", "time_left": "3 days", "flag": "", "pair": "JPY", "name": "Foreign Bond Investment\n(Jan/13)", "impact": "Low", "previous": "\u00a5542.3B", "consensus": "", "actual": ""}, {"date": "Jan 17, 23:50", "day": "Jan 17", "time": "23:50", "time_left": "3 days", "flag": "", "pair": "JPY", "name": "Machinery Orders MoM\n(Nov)", "impact": "Medium", "previous": "0.7%", "consensus": "-0.8%", "actual": ""}, {"date": "Jan 17, 23:50", "day": "Jan 17", "time": "23:50", "time_left": "3 days", "flag": "", "pair": "JPY", "name": "Machinery Orders YoY\n(Nov)", "impact": "Medium", "previous": "-2.2%", "consensus": "0.2%", "actual": ""}, {"date": "Jan 18, 00:01", "day": "Jan 18", "time": "00:01", "time_left": "3 days", "flag": "", "pair": "GBP", "name": "RICS House Price Balance\n(Dec)", "impact": "Low", "previous": "-43%", "consensus": "-41%", "actual": ""}, {"date": "Jan 18, 00:30", "day": "Jan 18", "time": "00:30", "time_left": "3 days", "flag": "", "pair": "AUD", "name": "Part Time Employment Chg\n(Dec)", "impact": "Medium", "previous": "4.5K", "consensus": "", "actual": ""}, {"date": "Jan 18, 00:30", "day": "Jan 18", "time": "00:30", "time_left": "3 days", "flag": "", "pair": "AUD", "name": "Participation Rate\n(Dec)", "impact": "Low", "previous": "67.2%", "consensus": "67.2%", "actual": ""}, {"date": "Jan 18, 00:30", "day": "Jan 18", "time": "00:30", "time_left": "3 days", "flag": "", "pair": "AUD", "name": "Full Time Employment Chg\n(Dec)", "impact": "Medium", "previous": "57K", "consensus": "", "actual": ""}, {"date": "Jan 18, 00:30", "day": "Jan 18", "time": "00:30", "time_left": "3 days", "flag": "", "pair": "AUD", "name": "Unemployment Rate\n(Dec)", "impact": "High", "previous": "3.9%", "consensus": "3.9%", "actual": ""}, {"date": "Jan 18, 00:30", "day": "Jan 18", "time": "00:30", "time_left": "3 days", "flag": "", "pair": "AUD", "name": "Employment Change\n(Dec)", "impact": "High", "previous": "61.5K", "consensus": "18K", "actual": ""}, {"date": "Jan 18, 02:40", "day": "Jan 18", "time": "02:40", "time_left": "3 days", "flag": "", "pair": "CNY", "name": "FDI (YTD) YoY\n(Dec)", "impact": "Medium", "previous": "-10%", "consensus": "-11%", "actual": ""}, {"date": "Jan 18, 03:35", "day": "Jan 18", "time": "03:35", "time_left": "3 days", "flag": "", "pair": "JPY", "name": "52-Week Bill Auction", "impact": "Low", "previous": "-0.004%", "consensus": "", "actual": ""}, {"date": "Jan 18, 03:35", "day": "Jan 18", "time": "03:35", "time_left": "3 days", "flag": "", "pair": "JPY", "name": "20-Year JGB Auction", "impact": "Low", "previous": "1.414%", "consensus": "", "actual": ""}, {"date": "Jan 18, 04:30", "day": "Jan 18", "time": "04:30", "time_left": "3 days", "flag": "", "pair": "JPY", "name": "Capacity Utilization MoM\n(Nov)", "impact": "Low", "previous": "1.5%", "consensus": "-0.4%", "actual": ""}, {"date": "Jan 18, 04:30", "day": "Jan 18", "time": "04:30", "time_left": "3 days", "flag": "", "pair": "JPY", "name": "Industrial Production YoY\n(Nov)", "impact": "Low", "previous": "1.1%", "consensus": "-1.4%", "actual": ""}, {"date": "Jan 18, 04:30", "day": "Jan 18", "time": "04:30", "time_left": "3 days", "flag": "", "pair": "JPY", "name": "Industrial Production MoM\n(Nov)", "impact": "Low", "previous": "1.3%", "consensus": "-0.9%", "actual": ""}, {"date": "Jan 18, 05:30", "day": "Jan 18", "time": "05:30", "time_left": "3 days", "flag": "", "pair": "EUR", "name": "Unemployment Rate\n(Dec)", "impact": "Medium", "previous": "3.5%", "consensus": "3.6%", "actual": ""}, {"date": "Jan 18, 07:00", "day": "Jan 18", "time": "07:00", "time_left": "3 days", "flag": "", "pair": "EUR", "name": "New Car Registrations YoY\n(Dec)", "impact": "Medium", "previous": "6.7%", "consensus": "4%", "actual": ""}, {"date": "Jan 18, 09:00", "day": "Jan 18", "time": "09:00", "time_left": "3 days", "flag": "", "pair": "EUR", "name": "Current Account\n(Nov)", "impact": "Low", "previous": "\u20ac30.05B", "consensus": "\u20ac39B", "actual": ""}, {"date": "Jan 18, 09:00", "day": "Jan 18", "time": "09:00", "time_left": "3 days", "flag": "", "pair": "EUR", "name": "Current Account s.a\n(Nov)", "impact": "Low", "previous": "\u20ac34B", "consensus": "", "actual": ""}, {"date": "Jan 18, 09:00", "day": "Jan 18", "time": "09:00", "time_left": "3 days", "flag": "", "pair": "EUR", "name": "Balance of Trade\n(Nov)", "impact": "Medium", "previous": "-\u20ac5.1B", "consensus": "-\u20ac4.7B", "actual": ""}, {"date": "Jan 18, 09:40", "day": "Jan 18", "time": "09:40", "time_left": "3 days", "flag": "", "pair": "EUR", "name": "15-Year Obligacion Auction", "impact": "Low", "previous": "3.589%", "consensus": "", "actual": ""}, {"date": "Jan 18, 09:40", "day": "Jan 18", "time": "09:40", "time_left": "3 days", "flag": "", "pair": "EUR", "name": "3-Year Bonos Auction", "impact": "Low", "previous": "2.582%", "consensus": "", "actual": ""}, {"date": "Jan 18, 10:00", "day": "Jan 18", "time": "10:00", "time_left": "3 days", "flag": "", "pair": "EUR", "name": "Construction Output YoY\n(Nov)", "impact": "Low", "previous": "-0.7%", "consensus": "-1.7%", "actual": ""}, {"date": "Jan 18, 10:00", "day": "Jan 18", "time": "10:00", "time_left": "3 days", "flag": "", "pair": "EUR", "name": "Current Account\n(Nov)", "impact": "Low", "previous": "\u20ac3315M", "consensus": "\u20ac2500M", "actual": ""}, {"date": "Jan 18, 10:00", "day": "Jan 18", "time": "10:00", "time_left": "3 days", "flag": "", "pair": "EUR", "name": "3-Year OAT Auction", "impact": "Low", "previous": "2.45%", "consensus": "", "actual": ""}, {"date": "Jan 18, 10:00", "day": "Jan 18", "time": "10:00", "time_left": "3 days", "flag": "", "pair": "EUR", "name": "5-Year OAT Auction", "impact": "Low", "previous": "2.89%", "consensus": "", "actual": ""}, {"date": "Jan 18, 11:00", "day": "Jan 18", "time": "11:00", "time_left": "3 days", "flag": "", "pair": "EUR", "name": "PPI YoY\n(Dec)", "impact": "Low", "previous": "-6.2%", "consensus": "-5.5%", "actual": ""}, {"date": "Jan 18, 11:00", "day": "Jan 18", "time": "11:00", "time_left": "3 days", "flag": "", "pair": "EUR", "name": "PPI MoM\n(Dec)", "impact": "Low", "previous": "-1.4%", "consensus": "-1.2%", "actual": ""}, {"date": "Jan 18, 11:30", "day": "Jan 18", "time": "11:30", "time_left": "3 days", "flag": "", "pair": "EUR", "name": "Economic Activity YoY\n(Dec)", "impact": "Low", "previous": "2.6%", "consensus": "2.6%", "actual": ""}, {"date": "Jan 18, 11:30", "day": "Jan 18", "time": "11:30", "time_left": "3 days", "flag": "", "pair": "EUR", "name": "Private Consumption YoY\n(Dec)", "impact": "Low", "previous": "1.6%", "consensus": "1.7%", "actual": ""}, {"date": "Jan 18, 11:30", "day": "Jan 18", "time": "11:30", "time_left": "3 days", "flag": "", "pair": "EUR", "name": "Current Account\n(Nov)", "impact": "Low", "previous": "\u20ac207.7M", "consensus": "\u20ac150M", "actual": ""}, {"date": "Jan 18, 12:30", "day": "Jan 18", "time": "12:30", "time_left": "3 days", "flag": "", "pair": "EUR", "name": "ECB Monetary Policy Meeting Accounts", "impact": "Medium", "previous": "", "consensus": "", "actual": ""}, {"date": "Jan 18, 12:30", "day": "Jan 18", "time": "12:30", "time_left": "3 days", "flag": "", "pair": "USD", "name": "Fed Bostic Speech", "impact": "Medium", "previous": "", "consensus": "", "actual": ""}, {"date": "Jan 18, 13:30", "day": "Jan 18", "time": "13:30", "time_left": "3 days", "flag": "", "pair": "USD", "name": "Building Permits MoM\n(Dec)", "impact": "Medium", "previous": "-2.1%", "consensus": "0.9%", "actual": ""}, {"date": "Jan 18, 13:30", "day": "Jan 18", "time": "13:30", "time_left": "3 days", "flag": "", "pair": "USD", "name": "Housing Starts MoM\n(Dec)", "impact": "Medium", "previous": "14.8%", "consensus": "-8.3%", "actual": ""}, {"date": "Jan 18, 13:30", "day": "Jan 18", "time": "13:30", "time_left": "3 days", "flag": "", "pair": "USD", "name": "Housing Starts\n(Dec)", "impact": "Medium", "previous": "1.56M", "consensus": "1.439M", "actual": ""}, {"date": "Jan 18, 13:30", "day": "Jan 18", "time": "13:30", "time_left": "3 days", "flag": "", "pair": "USD", "name": "Building Permits\n(Dec)", "impact": "High", "previous": "1.467M", "consensus": "1.475M", "actual": ""}, {"date": "Jan 18, 13:30", "day": "Jan 18", "time": "13:30", "time_left": "3 days", "flag": "", "pair": "USD", "name": "Continuing Jobless Claims\n(Jan/06)", "impact": "High", "previous": "1834K", "consensus": "1835K", "actual": ""}, {"date": "Jan 18, 13:30", "day": "Jan 18", "time": "13:30", "time_left": "3 days", "flag": "", "pair": "USD", "name": "Initial Jobless Claims\n(Jan/13)", "impact": "High", "previous": "202K", "consensus": "207K", "actual": ""}, {"date": "Jan 18, 13:30", "day": "Jan 18", "time": "13:30", "time_left": "3 days", "flag": "", "pair": "USD", "name": "Jobless Claims 4-week Average\n(Jan/13)", "impact": "High", "previous": "207.75K", "consensus": "208K", "actual": ""}, {"date": "Jan 18, 13:30", "day": "Jan 18", "time": "13:30", "time_left": "3 days", "flag": "", "pair": "USD", "name": "Philadelphia Fed Manufacturing Index\n(Jan)", "impact": "Medium", "previous": "-10.5", "consensus": "-8", "actual": ""}, {"date": "Jan 18, 13:30", "day": "Jan 18", "time": "13:30", "time_left": "3 days", "flag": "", "pair": "USD", "name": "Philly Fed Business Conditions\n(Jan)", "impact": "Low", "previous": "12.1", "consensus": "", "actual": ""}, {"date": "Jan 18, 13:30", "day": "Jan 18", "time": "13:30", "time_left": "3 days", "flag": "", "pair": "USD", "name": "Philly Fed CAPEX Index\n(Jan)", "impact": "Low", "previous": "-7.5", "consensus": "", "actual": ""}, {"date": "Jan 18, 13:30", "day": "Jan 18", "time": "13:30", "time_left": "3 days", "flag": "", "pair": "USD", "name": "Philly Fed Employment\n(Jan)", "impact": "Low", "previous": "-1.7", "consensus": "", "actual": ""}, {"date": "Jan 18, 13:30", "day": "Jan 18", "time": "13:30", "time_left": "3 days", "flag": "", "pair": "USD", "name": "Philly Fed New Orders\n(Jan)", "impact": "Low", "previous": "-25.6", "consensus": "", "actual": ""}, {"date": "Jan 18, 13:30", "day": "Jan 18", "time": "13:30", "time_left": "3 days", "flag": "", "pair": "USD", "name": "Philly Fed Prices Paid\n(Jan)", "impact": "Low", "previous": "25.1", "consensus": "", "actual": ""}, {"date": "Jan 18, 15:15", "day": "Jan 18", "time": "15:15", "time_left": "3 days", "flag": "", "pair": "EUR", "name": "ECB President Lagarde Speech", "impact": "Medium", "previous": "", "consensus": "", "actual": ""}, {"date": "Jan 18, 15:30", "day": "Jan 18", "time": "15:30", "time_left": "3 days", "flag": "", "pair": "USD", "name": "EIA Natural Gas Stocks Change\n(Jan/12)", "impact": "Low", "previous": "-140B", "consensus": "", "actual": ""}, {"date": "Jan 18, 16:00", "day": "Jan 18", "time": "16:00", "time_left": "3 days", "flag": "", "pair": "USD", "name": "EIA Crude Oil Stocks Change\n(Jan/12)", "impact": "Medium", "previous": "1.338M", "consensus": "", "actual": ""}, {"date": "Jan 18, 16:00", "day": "Jan 18", "time": "16:00", "time_left": "3 days", "flag": "", "pair": "USD", "name": "EIA Cushing Crude Oil Stocks Change\n(Jan/12)", "impact": "Low", "previous": "-0.506M", "consensus": "", "actual": ""}, {"date": "Jan 18, 16:00", "day": "Jan 18", "time": "16:00", "time_left": "3 days", "flag": "", "pair": "USD", "name": "EIA Crude Oil Imports Change\n(Jan/12)", "impact": "Low", "previous": "1.316M", "consensus": "", "actual": ""}, {"date": "Jan 18, 16:00", "day": "Jan 18", "time": "16:00", "time_left": "3 days", "flag": "", "pair": "USD", "name": "EIA Refinery Crude Runs Change\n(Jan/12)", "impact": "Low", "previous": "-0.161M", "consensus": "", "actual": ""}, {"date": "Jan 18, 16:00", "day": "Jan 18", "time": "16:00", "time_left": "3 days", "flag": "", "pair": "USD", "name": "EIA Distillate Fuel Production Change\n(Jan/12)", "impact": "Low", "previous": "-0.064M", "consensus": "", "actual": ""}, {"date": "Jan 18, 16:00", "day": "Jan 18", "time": "16:00", "time_left": "3 days", "flag": "", "pair": "USD", "name": "EIA Gasoline Stocks Change\n(Jan/12)", "impact": "Medium", "previous": "8.029M", "consensus": "", "actual": ""}, {"date": "Jan 18, 16:00", "day": "Jan 18", "time": "16:00", "time_left": "3 days", "flag": "", "pair": "USD", "name": "EIA Distillate Stocks Change\n(Jan/12)", "impact": "Low", "previous": "6.528M", "consensus": "", "actual": ""}, {"date": "Jan 18, 16:00", "day": "Jan 18", "time": "16:00", "time_left": "3 days", "flag": "", "pair": "USD", "name": "EIA Gasoline Production Change\n(Jan/12)", "impact": "Low", "previous": "0.901M", "consensus": "", "actual": ""}, {"date": "Jan 18, 16:00", "day": "Jan 18", "time": "16:00", "time_left": "3 days", "flag": "", "pair": "USD", "name": "EIA Heating Oil Stocks Change\n(Jan/12)", "impact": "Low", "previous": "-0.623M", "consensus": "", "actual": ""}, {"date": "Jan 18, 16:30", "day": "Jan 18", "time": "16:30", "time_left": "3 days", "flag": "", "pair": "USD", "name": "4-Week Bill Auction", "impact": "Low", "previous": "5.28%", "consensus": "", "actual": ""}, {"date": "Jan 18, 16:30", "day": "Jan 18", "time": "16:30", "time_left": "3 days", "flag": "", "pair": "USD", "name": "8-Week Bill Auction", "impact": "Low", "previous": "5.275%", "consensus": "", "actual": ""}, {"date": "Jan 18, 17:00", "day": "Jan 18", "time": "17:00", "time_left": "3 days", "flag": "", "pair": "USD", "name": "15-Year Mortgage Rate\n(Jan/11)", "impact": "Low", "previous": "5.87%", "consensus": "", "actual": ""}, {"date": "Jan 18, 17:00", "day": "Jan 18", "time": "17:00", "time_left": "3 days", "flag": "", "pair": "USD", "name": "30-Year Mortgage Rate\n(Jan/11)", "impact": "Low", "previous": "6.66%", "consensus": "", "actual": ""}, {"date": "Jan 18, 17:00", "day": "Jan 18", "time": "17:00", "time_left": "3 days", "flag": "", "pair": "CAD", "name": "5-Year Bond Auction", "impact": "Low", "previous": "3.261%", "consensus": "", "actual": ""}, {"date": "Jan 18, 17:05", "day": "Jan 18", "time": "17:05", "time_left": "3 days", "flag": "", "pair": "USD", "name": "Fed Bostic Speech", "impact": "Medium", "previous": "", "consensus": "", "actual": ""}, {"date": "Jan 18, 18:00", "day": "Jan 18", "time": "18:00", "time_left": "4 days", "flag": "", "pair": "USD", "name": "10-Year TIPS Auction", "impact": "Low", "previous": "2.18%", "consensus": "", "actual": ""}, {"date": "Jan 18, 21:30", "day": "Jan 18", "time": "21:30", "time_left": "4 days", "flag": "", "pair": "NZD", "name": "Business NZ PMI\n(Dec)", "impact": "Medium", "previous": "46.7", "consensus": "47.8", "actual": ""}, {"date": "Jan 18, 21:45", "day": "Jan 18", "time": "21:45", "time_left": "4 days", "flag": "", "pair": "NZD", "name": "Visitor Arrivals YoY\n(Nov)", "impact": "Low", "previous": "39.8%", "consensus": "25%", "actual": ""}, {"date": "Jan 18, 23:30", "day": "Jan 18", "time": "23:30", "time_left": "4 days", "flag": "", "pair": "JPY", "name": "Core Inflation Rate YoY\n(Dec)", "impact": "Medium", "previous": "2.5%", "consensus": "2.3%", "actual": ""}, {"date": "Jan 18, 23:30", "day": "Jan 18", "time": "23:30", "time_left": "4 days", "flag": "", "pair": "JPY", "name": "Inflation Rate Ex-Food and Energy YoY\n(Dec)", "impact": "Low", "previous": "3.8%", "consensus": "3.8%", "actual": ""}, {"date": "Jan 18, 23:30", "day": "Jan 18", "time": "23:30", "time_left": "4 days", "flag": "", "pair": "JPY", "name": "Inflation Rate MoM\n(Dec)", "impact": "Low", "previous": "-0.1%", "consensus": "-0.1%", "actual": ""}, {"date": "Jan 18, 23:30", "day": "Jan 18", "time": "23:30", "time_left": "4 days", "flag": "", "pair": "JPY", "name": "Inflation Rate YoY\n(Dec)", "impact": "High", "previous": "2.8%", "consensus": "2.6%", "actual": ""}, {"date": "Jan 19, 00:00", "day": "Jan 19", "time": "00:00", "time_left": "4 days", "flag": "", "pair": "AUD", "name": "Consumer Inflation Expectations\n(Jan)", "impact": "Low", "previous": "4.5%", "consensus": "4.2%", "actual": ""}, {"date": "Jan 19, 03:35", "day": "Jan 19", "time": "03:35", "time_left": "4 days", "flag": "", "pair": "JPY", "name": "3-Month Bill Auction", "impact": "Low", "previous": "-0.208%", "consensus": "", "actual": ""}, {"date": "Jan 19, 04:30", "day": "Jan 19", "time": "04:30", "time_left": "4 days", "flag": "", "pair": "JPY", "name": "Tertiary Industry Index MoM\n(Nov)", "impact": "Low", "previous": "-0.8%", "consensus": "-0.4%", "actual": ""}, {"date": "Jan 19, 07:00", "day": "Jan 19", "time": "07:00", "time_left": "4 days", "flag": "", "pair": "EUR", "name": "PPI YoY\n(Dec)", "impact": "Low", "previous": "-7.9%", "consensus": "-7.9%", "actual": ""}, {"date": "Jan 19, 07:00", "day": "Jan 19", "time": "07:00", "time_left": "4 days", "flag": "", "pair": "EUR", "name": "PPI MoM\n(Dec)", "impact": "Medium", "previous": "-0.5%", "consensus": "-0.5%", "actual": ""}, {"date": "Jan 19, 07:00", "day": "Jan 19", "time": "07:00", "time_left": "4 days", "flag": "", "pair": "GBP", "name": "Retail Sales MoM\n(Dec)", "impact": "High", "previous": "1.3%", "consensus": "-0.5%", "actual": ""}, {"date": "Jan 19, 07:00", "day": "Jan 19", "time": "07:00", "time_left": "4 days", "flag": "", "pair": "GBP", "name": "Retail Sales YoY\n(Dec)", "impact": "High", "previous": "0.1%", "consensus": "1.1%", "actual": ""}, {"date": "Jan 19, 07:00", "day": "Jan 19", "time": "07:00", "time_left": "4 days", "flag": "", "pair": "GBP", "name": "Retail Sales ex Fuel MoM\n(Dec)", "impact": "High", "previous": "1.3%", "consensus": "-0.6%", "actual": ""}, {"date": "Jan 19, 07:00", "day": "Jan 19", "time": "07:00", "time_left": "4 days", "flag": "", "pair": "GBP", "name": "Retail Sales ex Fuel YoY\n(Dec)", "impact": "High", "previous": "0.3%", "consensus": "1.3%", "actual": ""}, {"date": "Jan 19, 07:30", "day": "Jan 19", "time": "07:30", "time_left": "4 days", "flag": "", "pair": "CHF", "name": "Producer & Import Prices YoY\n(Dec)", "impact": "Low", "previous": "-1.3%", "consensus": "-0.9%", "actual": ""}, {"date": "Jan 19, 07:30", "day": "Jan 19", "time": "07:30", "time_left": "4 days", "flag": "", "pair": "CHF", "name": "Producer & Import Prices MoM\n(Dec)", "impact": "Low", "previous": "-0.9%", "consensus": "-0.3%", "actual": ""}, {"date": "Jan 19, 08:20", "day": "Jan 19", "time": "08:20", "time_left": "4 days", "flag": "", "pair": "EUR", "name": "Current Account\n(Nov)", "impact": "Low", "previous": "\u20ac159.6M", "consensus": "", "actual": ""}, {"date": "Jan 19, 09:00", "day": "Jan 19", "time": "09:00", "time_left": "4 days", "flag": "", "pair": "EUR", "name": "Current Account\n(Nov)", "impact": "Low", "previous": "-\u20ac1.45B", "consensus": "", "actual": ""}, {"date": "Jan 19, 09:00", "day": "Jan 19", "time": "09:00", "time_left": "4 days", "flag": "", "pair": "EUR", "name": "Construction Output YoY\n(Nov)", "impact": "Low", "previous": "1.6%", "consensus": "1.2%", "actual": ""}, {"date": "Jan 19, 09:30", "day": "Jan 19", "time": "09:30", "time_left": "4 days", "flag": "", "pair": "EUR", "name": "PPI YoY\n(Dec)", "impact": "Low", "previous": "0.3%", "consensus": "0.5%", "actual": ""}, {"date": "Jan 19, 09:30", "day": "Jan 19", "time": "09:30", "time_left": "4 days", "flag": "", "pair": "EUR", "name": "ECB McCaul Speech", "impact": "Low", "previous": "", "consensus": "", "actual": ""}, {"date": "Jan 19, 10:00", "day": "Jan 19", "time": "10:00", "time_left": "4 days", "flag": "", "pair": "EUR", "name": "Consumer Confidence\n(Dec)", "impact": "Medium", "previous": "76.7", "consensus": "78", "actual": ""}, {"date": "Jan 19, 10:00", "day": "Jan 19", "time": "10:00", "time_left": "4 days", "flag": "", "pair": "EUR", "name": "ECB President Lagarde Speech", "impact": "Medium", "previous": "", "consensus": "", "actual": ""}, {"date": "Jan 19, 11:00", "day": "Jan 19", "time": "11:00", "time_left": "4 days", "flag": "", "pair": "EUR", "name": "PPI YoY\n(Nov)", "impact": "Low", "previous": "-1.2%", "consensus": "-2.5%", "actual": ""}, {"date": "Jan 19, 11:00", "day": "Jan 19", "time": "11:00", "time_left": "4 days", "flag": "", "pair": "EUR", "name": "Unemployment Rate\n(Dec)", "impact": "Low", "previous": "5%", "consensus": "5.1%", "actual": ""}, {"date": "Jan 19, 13:30", "day": "Jan 19", "time": "13:30", "time_left": "4 days", "flag": "", "pair": "CAD", "name": "Retail Sales YoY\n(Nov)", "impact": "High", "previous": "2.2%", "consensus": "0.8%", "actual": ""}, {"date": "Jan 19, 13:30", "day": "Jan 19", "time": "13:30", "time_left": "4 days", "flag": "", "pair": "CAD", "name": "Retail Sales MoM\n(Nov)", "impact": "High", "previous": "0.7%", "consensus": "0%", "actual": ""}, {"date": "Jan 19, 13:30", "day": "Jan 19", "time": "13:30", "time_left": "4 days", "flag": "", "pair": "CAD", "name": "Retail Sales Ex Autos MoM\n(Nov)", "impact": "High", "previous": "0.6%", "consensus": "-0.1%", "actual": ""}, {"date": "Jan 19, 14:00", "day": "Jan 19", "time": "14:00", "time_left": "4 days", "flag": "", "pair": "EUR", "name": "Unemployment Rate\n(Nov)", "impact": "Low", "previous": "4.8%", "consensus": "4.9%", "actual": ""}, {"date": "Jan 19, 15:00", "day": "Jan 19", "time": "15:00", "time_left": "4 days", "flag": "", "pair": "USD", "name": "Michigan Inflation Expectations\n(Jan)", "impact": "Low", "previous": "3.1%", "consensus": "3.1%", "actual": ""}, {"date": "Jan 19, 15:00", "day": "Jan 19", "time": "15:00", "time_left": "4 days", "flag": "", "pair": "USD", "name": "Michigan Consumer Sentiment\n(Jan)", "impact": "High", "previous": "69.7", "consensus": "69.6", "actual": ""}, {"date": "Jan 19, 15:00", "day": "Jan 19", "time": "15:00", "time_left": "4 days", "flag": "", "pair": "USD", "name": "Michigan 5 Year Inflation Expectations\n(Jan)", "impact": "Low", "previous": "2.9%", "consensus": "2.9%", "actual": ""}, {"date": "Jan 19, 15:00", "day": "Jan 19", "time": "15:00", "time_left": "4 days", "flag": "", "pair": "USD", "name": "Michigan Current Conditions\n(Jan)", "impact": "Low", "previous": "73.3", "consensus": "73", "actual": ""}, {"date": "Jan 19, 15:00", "day": "Jan 19", "time": "15:00", "time_left": "4 days", "flag": "", "pair": "USD", "name": "Michigan Consumer Expectations\n(Jan)", "impact": "Low", "previous": "67.4", "consensus": "67", "actual": ""}, {"date": "Jan 19, 15:00", "day": "Jan 19", "time": "15:00", "time_left": "4 days", "flag": "", "pair": "USD", "name": "Existing Home Sales MoM\n(Dec)", "impact": "High", "previous": "0.8%", "consensus": "0.3%", "actual": ""}, {"date": "Jan 19, 15:00", "day": "Jan 19", "time": "15:00", "time_left": "4 days", "flag": "", "pair": "USD", "name": "Existing Home Sales\n(Dec)", "impact": "High", "previous": "3.82M", "consensus": "3.82M", "actual": ""}, {"date": "Jan 19, 18:00", "day": "Jan 19", "time": "18:00", "time_left": "5 days", "flag": "", "pair": "USD", "name": "Baker Hughes Oil Rig Count\n(Jan/19)", "impact": "Low", "previous": "499", "consensus": "", "actual": ""}, {"date": "Jan 19, 18:00", "day": "Jan 19", "time": "18:00", "time_left": "5 days", "flag": "", "pair": "USD", "name": "Baker Hughes Total Rigs Count\n(Jan/19)", "impact": "Low", "previous": "619", "consensus": "", "actual": ""}, {"date": "Jan 19, 21:00", "day": "Jan 19", "time": "21:00", "time_left": "5 days", "flag": "", "pair": "USD", "name": "Foreign Bond Investment\n(Nov)", "impact": "Low", "previous": "$54B", "consensus": "", "actual": ""}, {"date": "Jan 19, 21:00", "day": "Jan 19", "time": "21:00", "time_left": "5 days", "flag": "", "pair": "USD", "name": "Net Long-term TIC Flows\n(Nov)", "impact": "Medium", "previous": "$3.3B", "consensus": "", "actual": ""}, {"date": "Jan 19, 21:00", "day": "Jan 19", "time": "21:00", "time_left": "5 days", "flag": "", "pair": "USD", "name": "Overall Net Capital Flows\n(Nov)", "impact": "Low", "previous": "-$83.8B", "consensus": "", "actual": ""}, {"date": "Jan 19, 21:15", "day": "Jan 19", "time": "21:15", "time_left": "5 days", "flag": "", "pair": "USD", "name": "Fed Daly Speech", "impact": "Medium", "previous": "", "consensus": "", "actual": ""}]